{"last_node_id":0,"last_link_id":0,"nodes":[],"links":[],"groups":[],"config":{},"extra":{"ds":{"scale":1.1167815779425292,"offset":[-311.1193632170328,120.92706591278584]}},"version":0.4}